{
  "properties": {
    "connectionReferences": {
      "shared_office365_2": {
        "runtimeSource": "invoker",
        "connection": {
          "connectionReferenceLogicalName": "crc60_sharedoffice365_b2e27"
        },
        "api": {
          "name": "shared_office365"
        }
      },
      "shared_teams_2": {
        "runtimeSource": "invoker",
        "connection": {
          "connectionReferenceLogicalName": "crc60_sharedteams_961d0"
        },
        "api": {
          "name": "shared_teams"
        }
      }
    },
    "definition": {
      "$schema": "https://schema.management.azure.com/providers/Microsoft.Logic/schemas/2016-06-01/workflowdefinition.json#",
      "contentVersion": "undefined",
      "parameters": {
        "$authentication": {
          "defaultValue": {},
          "type": "SecureObject"
        },
        "$connections": {
          "defaultValue": {},
          "type": "Object"
        }
      },
      "triggers": {
        "manual": {
          "metadata": {
            "operationMetadataId": "b2b8ecb5-dbda-426f-9f7d-8f6ac9c00a0d"
          },
          "type": "Request",
          "kind": "PowerAppV2",
          "inputs": {
            "schema": {
              "type": "object",
              "properties": {
                "text": {
                  "title": "Input",
                  "type": "string",
                  "x-ms-dynamically-added": true,
                  "description": "Damaged Detected",
                  "x-ms-content-hint": "TEXT"
                },
                "text_1": {
                  "title": "Input 1",
                  "type": "string",
                  "x-ms-dynamically-added": true,
                  "description": "Type of damage",
                  "x-ms-content-hint": "TEXT"
                }
              },
              "required": [
                "text",
                "text_1"
              ]
            }
          }
        }
      },
      "actions": {
        "Initialize_variable": {
          "runAfter": {},
          "metadata": {
            "operationMetadataId": "2f4c9c80-c1f7-4d9c-bee8-26d42b0013ad"
          },
          "type": "InitializeVariable",
          "inputs": {
            "variables": [
              {
                "name": "varIsDefectDetected",
                "type": "boolean",
                "value": false
              }
            ]
          }
        },
        "Initialize_variable_1": {
          "runAfter": {
            "Initialize_variable": [
              "Succeeded"
            ]
          },
          "metadata": {
            "operationMetadataId": "37c211cf-5069-4f15-bea3-4082b7934f12"
          },
          "type": "InitializeVariable",
          "inputs": {
            "variables": [
              {
                "name": "varTimestamp",
                "type": "string",
                "value": "2024-07-16T12:00:00Z"
              }
            ]
          }
        },
        "Initialize_variable_2": {
          "runAfter": {
            "Initialize_variable_1": [
              "Succeeded"
            ]
          },
          "metadata": {
            "operationMetadataId": "d24ee068-bdf9-4352-8613-1f8b4b93e52c"
          },
          "type": "InitializeVariable",
          "inputs": {
            "variables": [
              {
                "name": "varDamageType",
                "type": "string",
                "value": "None"
              }
            ]
          }
        },
        "Initialize_variable_3": {
          "runAfter": {
            "Initialize_variable_2": [
              "Succeeded"
            ]
          },
          "metadata": {
            "operationMetadataId": "d821fc67-7b40-48ff-813b-b52612fa180d"
          },
          "type": "InitializeVariable",
          "inputs": {
            "variables": [
              {
                "name": "varCameraID",
                "type": "string",
                "value": "Camera1"
              }
            ]
          }
        },
        "Condition": {
          "actions": {
            "Set_variable": {
              "metadata": {
                "operationMetadataId": "cca25652-3b86-447e-a11d-e73a54b58380"
              },
              "type": "SetVariable",
              "inputs": {
                "name": "varIsDefectDetected",
                "value": true
              }
            },
            "Set_variable_1": {
              "runAfter": {
                "Set_variable": [
                  "Succeeded"
                ]
              },
              "metadata": {
                "operationMetadataId": "0330047f-0e5a-453a-9394-fcd237b2d911"
              },
              "type": "SetVariable",
              "inputs": {
                "name": "varDamageType",
                "value": "@triggerBody()['text_1']"
              }
            },
            "Send_an_email_(V2)": {
              "runAfter": {
                "Set_variable_1": [
                  "Succeeded"
                ]
              },
              "metadata": {
                "operationMetadataId": "e62bcc11-936a-4ec9-84df-c8a36c108d45"
              },
              "type": "OpenApiConnection",
              "inputs": {
                "parameters": {
                  "emailMessage/To": "shjung@uchicago.edu",
                  "emailMessage/Subject": "Defect Detected in Video",
                  "emailMessage/Body": "<p>A defect has been detected in the video. Please check the details at: Camera ID: @{variables('varCameraID')}, Timestamp: @{variables('varTimestamp')}, Damage Type: .@{variables('varDamageType')}</p>",
                  "emailMessage/Importance": "Normal"
                },
                "host": {
                  "apiId": "/providers/Microsoft.PowerApps/apis/shared_office365",
                  "connectionName": "shared_office365_2",
                  "operationId": "SendEmailV2"
                },
                "authentication": {
                  "value": "@json(decodeBase64(triggerOutputs().headers['X-MS-APIM-Tokens']))['$ConnectionKey']",
                  "type": "Raw"
                }
              }
            },
            "Post_message_in_a_chat_or_channel": {
              "runAfter": {
                "Send_an_email_(V2)": [
                  "Succeeded"
                ]
              },
              "metadata": {
                "operationMetadataId": "7174d257-5da7-4bf5-9dba-1a2a064c724e"
              },
              "type": "OpenApiConnection",
              "inputs": {
                "parameters": {
                  "poster": "Flow bot",
                  "location": "Channel",
                  "body/recipient/groupId": "1e29ec95-99f0-439f-8a84-f213c9c687ed",
                  "body/recipient/channelId": "19:vi-rKRzxNdxtoa_Yseq7wZvfuXr2oMxxytPfWgkCDM01@thread.tacv2",
                  "body/messageBody": "<p>A defect has been detected in the video. Camera ID: @{variables('varCameraID')}, Timestamp: @{variables('varTimestamp')}, Damage Type: @{variables('varDamageType')}.</p>"
                },
                "host": {
                  "apiId": "/providers/Microsoft.PowerApps/apis/shared_teams",
                  "connectionName": "shared_teams_2",
                  "operationId": "PostMessageToConversation"
                },
                "authentication": {
                  "value": "@json(decodeBase64(triggerOutputs().headers['X-MS-APIM-Tokens']))['$ConnectionKey']",
                  "type": "Raw"
                }
              }
            }
          },
          "runAfter": {
            "Initialize_variable_3": [
              "Succeeded"
            ]
          },
          "else": {
            "actions": {}
          },
          "expression": {
            "and": [
              {
                "equals": [
                  "@triggerBody()['text']",
                  "Yes"
                ]
              }
            ]
          },
          "metadata": {
            "operationMetadataId": "ef858778-83d4-4de5-8419-a6668f4eadf1"
          },
          "type": "If"
        }
      }
    },
    "templateName": null
  },
  "schemaVersion": "1.0.0.0"
}