<ImportExportXml xmlns:xsi="http://www.w3.org/2001/XMLSchema-instance">
  <Entities></Entities>
  <Roles></Roles>
  <Workflows>
    <Workflow WorkflowId="{5b582a99-425f-ef11-bfe2-00224803ef19}" Name="Data Lake Upload and Excel Update">
      <JsonFileName>/Workflows/DataLakeUploadandExcelUpdate-5B582A99-425F-EF11-BFE2-00224803EF19.json</JsonFileName>
      <Type>1</Type>
      <Subprocess>0</Subprocess>
      <Category>5</Category>
      <Mode>0</Mode>
      <Scope>4</Scope>
      <OnDemand>0</OnDemand>
      <TriggerOnCreate>0</TriggerOnCreate>
      <TriggerOnDelete>0</TriggerOnDelete>
      <AsyncAutodelete>0</AsyncAutodelete>
      <SyncWorkflowLogOnFailure>0</SyncWorkflowLogOnFailure>
      <StateCode>1</StateCode>
      <StatusCode>2</StatusCode>
      <RunAs>1</RunAs>
      <IsTransacted>1</IsTransacted>
      <IntroducedVersion>1.1.0.0</IntroducedVersion>
      <IsCustomizable>1</IsCustomizable>
      <BusinessProcessType>0</BusinessProcessType>
      <IsCustomProcessingStepAllowedForOtherPublishers>1</IsCustomProcessingStepAllowedForOtherPublishers>
      <PrimaryEntity>none</PrimaryEntity>
      <LocalizedNames>
        <LocalizedName languagecode="1033" description="Data Lake Upload and Excel Update" />
      </LocalizedNames>
    </Workflow>
    <Workflow WorkflowId="{5c582a99-425f-ef11-bfe2-00224803ef19}" Name="Manual Defect Alert Flow - 2">
      <JsonFileName>/Workflows/ManualDefectAlertFlow-2-5C582A99-425F-EF11-BFE2-00224803EF19.json</JsonFileName>
      <Type>1</Type>
      <Subprocess>0</Subprocess>
      <Category>5</Category>
      <Mode>0</Mode>
      <Scope>4</Scope>
      <OnDemand>0</OnDemand>
      <TriggerOnCreate>0</TriggerOnCreate>
      <TriggerOnDelete>0</TriggerOnDelete>
      <AsyncAutodelete>0</AsyncAutodelete>
      <SyncWorkflowLogOnFailure>0</SyncWorkflowLogOnFailure>
      <StateCode>1</StateCode>
      <StatusCode>2</StatusCode>
      <RunAs>1</RunAs>
      <IsTransacted>1</IsTransacted>
      <IntroducedVersion>1.1.0.0</IntroducedVersion>
      <IsCustomizable>1</IsCustomizable>
      <BusinessProcessType>0</BusinessProcessType>
      <IsCustomProcessingStepAllowedForOtherPublishers>1</IsCustomProcessingStepAllowedForOtherPublishers>
      <PrimaryEntity>none</PrimaryEntity>
      <LocalizedNames>
        <LocalizedName languagecode="1033" description="Manual Defect Alert Flow - 2" />
      </LocalizedNames>
    </Workflow>
  </Workflows>
  <FieldSecurityProfiles></FieldSecurityProfiles>
  <Templates />
  <EntityMaps />
  <EntityRelationships />
  <OrganizationSettings />
  <optionsets />
  <CustomControls />
  <EntityDataProviders />
  <CanvasApps>
    <CanvasApp>
      <Name>crc60_corrugatedsuppliescompanyapp_8ff13</Name>
      <AppVersion>2024-08-24T22:17:36Z</AppVersion>
      <Status>Ready</Status>
      <CreatedByClientVersion>3.24081.10.0</CreatedByClientVersion>
      <MinClientVersion>3.24081.10.0</MinClientVersion>
      <Tags>{"primaryDeviceWidth":"1366","primaryDeviceHeight":"768","supportsPortrait":"true","supportsLandscape":"true","primaryFormFactor":"Tablet","showStatusBar":"false","publisherVersion":"3.24081.10","minimumRequiredApiVersion":"2.2.0","hasComponent":"false","hasUnlockedComponent":"false","isUnifiedRootApp":"false","sienaVersion":"20240824T220204Z-3.24081.10.0"}</Tags>
      <IsCdsUpgraded>0</IsCdsUpgraded>
      <GalleryItemId xsi:nil="true"></GalleryItemId>
      <BackgroundColor>RGBA(0,176,240,1)</BackgroundColor>
      <DisplayName>Corrugated Supplies Company App</DisplayName>
      <Description xsi:nil="true"></Description>
      <CommitMessage xsi:nil="true"></CommitMessage>
      <Publisher xsi:nil="true"></Publisher>
      <AuthorizationReferences>[]</AuthorizationReferences>
      <ConnectionReferences>{"2dc2dd22-99e4-4b21-ad92-dfd75db433fc":{"id":"/providers/microsoft.powerapps/apis/shared_excelonlinebusiness","displayName":"Excel Online (Business)","iconUri":"https://connectoricons-prod.azureedge.net/u/jayawan/releases/v1.0.1694/1.0.1694.3753/excelonlinebusiness/icon.png","dataSources":["Processed","Raw"],"dependencies":[],"dependents":["9226d27e-c738-4e5c-a468-7cf3c7435e5e"],"parameterHints":{},"parameterHintsV2":{},"isOnPremiseConnection":false,"bypassConsent":false,"dataSets":{"me,b%2521f_-MOSsOf0iDpUYmsQtjfhEBlepoVyVBh_RZQELS2EGdEAKQ2nOyT78XqrPsJB3F,01A3XWHOFLLF77N6SDQJFZ63GIDNY6LCLC":{"dataSources":{"Processed":{"tableName":"{E400C166-A266-4AA5-ABF3-77E7A0F3BA6D}"},"Raw":{"tableName":"{6C06F7BC-5802-4B56-96F2-53DAE5F4EDE4}"}}}},"apiTier":"Standard","actions":["providers/PowerPlatform.Governance/Operations/Read","providers/PowerPlatform.Governance/Operations/Write","providers/PowerPlatform.Governance/Operations/Delete"]},"749282e6-c50c-403d-b08c-833222d1047f":{"id":"/providers/microsoft.powerapps/apis/shared_logicflows","displayName":"Logic flows","iconUri":"https://connectoricons-prod.azureedge.net/releases/v1.0.1697/1.0.1697.3784/logicflows/icon.png","dataSources":["ManualDefectAlertFlow-2"],"dependencies":["f82a9ffc-724d-410a-940b-2908b3cdbbcd","8cfe94c7-92d1-42a4-bf09-4631823e79a5"],"dependents":[],"parameterHints":{"workflowName":{"value":"da1218bb-01af-406e-9abb-5882cbc686ed"},"workflowEntityId":{"value":"5c582a99-425f-ef11-bfe2-00224803ef19"},"workflowDisplayName":{"value":"Manual Defect Alert Flow - 2"},"f82a9ffc-724d-410a-940b-2908b3cdbbcd":{"value":"shared_office365_2"},"8cfe94c7-92d1-42a4-bf09-4631823e79a5":{"value":"shared_teams_2"}},"parameterHintsV2":{"workflowName":{"value":"da1218bb-01af-406e-9abb-5882cbc686ed"},"workflowEntityId":{"value":"5c582a99-425f-ef11-bfe2-00224803ef19"},"workflowDisplayName":{"value":"Manual Defect Alert Flow - 2"},"shared_office365_2":{"value":"f82a9ffc-724d-410a-940b-2908b3cdbbcd"},"shared_teams_2":{"value":"8cfe94c7-92d1-42a4-bf09-4631823e79a5"}},"isOnPremiseConnection":false,"bypassConsent":false,"dataSets":{},"apiTier":"Standard","actions":["Run"]},"f82a9ffc-724d-410a-940b-2908b3cdbbcd":{"id":"/providers/microsoft.powerapps/apis/shared_office365","displayName":"Office 365 Outlook","iconUri":"https://connectoricons-prod.azureedge.net/releases/v1.0.1686/1.0.1686.3706/office365/icon.png","dataSources":[],"dependencies":[],"dependents":["749282e6-c50c-403d-b08c-833222d1047f"],"parameterHints":{},"parameterHintsV2":{},"isOnPremiseConnection":false,"bypassConsent":false,"dataSets":{},"apiTier":"Standard"},"8cfe94c7-92d1-42a4-bf09-4631823e79a5":{"id":"/providers/microsoft.powerapps/apis/shared_teams","displayName":"Microsoft Teams","iconUri":"https://connectoricons-prod.azureedge.net/releases/v1.0.1705/1.0.1705.3833/teams/icon.png","dataSources":[],"dependencies":[],"dependents":["749282e6-c50c-403d-b08c-833222d1047f"],"parameterHints":{},"parameterHintsV2":{},"isOnPremiseConnection":false,"bypassConsent":false,"dataSets":{},"apiTier":"Standard"},"9226d27e-c738-4e5c-a468-7cf3c7435e5e":{"id":"/providers/microsoft.powerapps/apis/shared_logicflows","displayName":"Logic flows","iconUri":"https://connectoricons-prod.azureedge.net/releases/v1.0.1697/1.0.1697.3784/logicflows/icon.png","dataSources":["DataLakeUploadandExcelUpdate"],"dependencies":["dda06e97-dfab-455c-b6a7-29c63768dde3","2dc2dd22-99e4-4b21-ad92-dfd75db433fc"],"dependents":[],"parameterHints":{"workflowName":{"value":"287b94ed-6437-4d64-bde7-d723ca9584ab"},"workflowEntityId":{"value":"5b582a99-425f-ef11-bfe2-00224803ef19"},"workflowDisplayName":{"value":"Data Lake Upload and Excel Update"},"dda06e97-dfab-455c-b6a7-29c63768dde3":{"value":"shared_azureblob"},"2dc2dd22-99e4-4b21-ad92-dfd75db433fc":{"value":"shared_excelonlinebusiness"}},"parameterHintsV2":{"workflowName":{"value":"287b94ed-6437-4d64-bde7-d723ca9584ab"},"workflowEntityId":{"value":"5b582a99-425f-ef11-bfe2-00224803ef19"},"workflowDisplayName":{"value":"Data Lake Upload and Excel Update"},"shared_azureblob":{"value":"dda06e97-dfab-455c-b6a7-29c63768dde3"},"shared_excelonlinebusiness":{"value":"2dc2dd22-99e4-4b21-ad92-dfd75db433fc"}},"isOnPremiseConnection":false,"bypassConsent":false,"dataSets":{},"apiTier":"Standard","actions":["Run"]},"dda06e97-dfab-455c-b6a7-29c63768dde3":{"id":"/providers/microsoft.powerapps/apis/shared_azureblob","xrmConnectionReferenceLogicalName":"crc60_sharedazureblob_b94ec670ef","displayName":"Azure Blob Storage","executionRestrictions":{"version":1,"modifiedOn":"2024-08-24 22:17:30","appVer":"3.24081.10","apiId":"unknown","apiVer":null,"policy":"{\"type\":\"unused\"}"},"iconUri":"https://connectoricons-prod.azureedge.net/u/patelronak/getmetadataforfolderfix/1.0.1704.3829/azureblob/icon.png","dataSources":[],"dependencies":[],"dependents":["9226d27e-c738-4e5c-a468-7cf3c7435e5e"],"parameterHints":{},"parameterHintsV2":{},"isOnPremiseConnection":false,"sharedConnectionId":"f085b4d8-ee02-4f9d-b362-ebb3faaa6715","bypassConsent":false,"dataSets":{},"apiTier":"Premium","authenticationType":"keyBasedAuth"},"e28b3b5d-a07f-460b-aae3-f96a11015eb9":{"id":"/providers/microsoft.powerapps/apis/shared_azureblob","xrmConnectionReferenceLogicalName":"crc60_sharedazureblob_b94ec670ef","displayName":"Azure Blob Storage","executionRestrictions":{"version":1,"modifiedOn":"2024-08-24 22:17:30","appVer":"3.24081.10","apiId":"/providers/microsoft.powerapps/apis/shared_azureblob","apiVer":null,"policy":"{\"type\":\"action\",\"dataSources\":{\"actions\":[\"getfilecontentbypath\",\"listfolderv2\",\"getfilecontent\"]}}"},"iconUri":"https://connectoricons-prod.azureedge.net/u/patelronak/getmetadataforfolderfix/1.0.1704.3829/azureblob/icon.png","dataSources":["AzureBlobStorage"],"dependencies":[],"dependents":[],"parameterHints":{},"parameterHintsV2":{},"isOnPremiseConnection":false,"sharedConnectionId":"d623f5df-a3f8-4cfd-b1b6-4c86b2a6486e","bypassConsent":false,"dataSets":{},"apiTier":"Premium","actions":["GetFileContentByPath","ListFolderV2","GetFileContent"],"authenticationType":"keyBasedAuth"}}</ConnectionReferences>
      <DatabaseReferences>{}</DatabaseReferences>
      <AppComponents>[]</AppComponents>
      <AppComponentDependencies>[]</AppComponentDependencies>
      <CanConsumeAppPass>1</CanConsumeAppPass>
      <CanvasAppType>0</CanvasAppType>
      <BypassConsent>0</BypassConsent>
      <AdminControlBypassConsent>0</AdminControlBypassConsent>
      <EmbeddedApp xsi:nil="true"></EmbeddedApp>
      <IntroducedVersion>1.0</IntroducedVersion>
      <CdsDependencies>{"cdsdependencies":[{"dependencyid":"5c582a99-425f-ef11-bfe2-00224803ef19","componenttype":29,"componenttypeplatformname":"Workflow"},{"dependencyid":"5b582a99-425f-ef11-bfe2-00224803ef19","componenttype":29,"componenttypeplatformname":"Workflow"},{"logicalname":"crc60_sharedazureblob_b94ec670ef","componenttype":10111,"componenttypeplatformname":"ConnectionReference"},{"logicalname":"crc60_sharedazureblob_b94ec670ef","componenttype":10111,"componenttypeplatformname":"ConnectionReference"}]}</CdsDependencies>
      <IsCustomizable>1</IsCustomizable>
      <BackgroundImageUri>/CanvasApps/crc60_corrugatedsuppliescompanyapp_8ff13_BackgroundImageUri</BackgroundImageUri>
      <DocumentUri>/CanvasApps/crc60_corrugatedsuppliescompanyapp_8ff13_DocumentUri.msapp</DocumentUri>
      <AdditionalUris>
        <AdditionalUri>/CanvasApps/crc60_corrugatedsuppliescompanyapp_8ff13_AdditionalUris0_identity.json</AdditionalUri>
      </AdditionalUris>
    </CanvasApp>
  </CanvasApps>
  <connectionreferences>
    <connectionreference connectionreferencelogicalname="crc60_sharedazureblob_b94ec670ef">
      <connectionreferencedisplayname>Azure Blob Storage Corrugated</connectionreferencedisplayname>
      <connectorid>/providers/Microsoft.PowerApps/apis/shared_azureblob</connectorid>
      <iscustomizable>1</iscustomizable>
      <promptingbehavior>0</promptingbehavior>
      <statecode>0</statecode>
      <statuscode>1</statuscode>
    </connectionreference>
    <connectionreference connectionreferencelogicalname="crc60_sharedexcelonlinebusiness_aba6e">
      <connectionreferencedisplayname>Excel Online (Business) CorrugatedBox</connectionreferencedisplayname>
      <connectorid>/providers/Microsoft.PowerApps/apis/shared_excelonlinebusiness</connectorid>
      <iscustomizable>1</iscustomizable>
      <promptingbehavior>0</promptingbehavior>
      <statecode>0</statecode>
      <statuscode>1</statuscode>
    </connectionreference>
    <connectionreference connectionreferencelogicalname="crc60_sharedoffice365_b2e27">
      <connectionreferencedisplayname>Office 365 Outlook CorrugatedBox</connectionreferencedisplayname>
      <connectorid>/providers/Microsoft.PowerApps/apis/shared_office365</connectorid>
      <iscustomizable>1</iscustomizable>
      <promptingbehavior>0</promptingbehavior>
      <statecode>0</statecode>
      <statuscode>1</statuscode>
    </connectionreference>
    <connectionreference connectionreferencelogicalname="crc60_sharedteams_961d0">
      <connectionreferencedisplayname>Microsoft Teams CorrugatedBox</connectionreferencedisplayname>
      <connectorid>/providers/Microsoft.PowerApps/apis/shared_teams</connectorid>
      <iscustomizable>1</iscustomizable>
      <promptingbehavior>0</promptingbehavior>
      <statecode>0</statecode>
      <statuscode>1</statuscode>
    </connectionreference>
  </connectionreferences>
  <Languages>
    <Language>1033</Language>
  </Languages>
</ImportExportXml>